date,open,high,low,close,adj_close,volume
2023-06-16 20:24:16.346499,100.0,101.0,99.0,100.0,100.0,1000000
2023-06-19 20:24:16.346499,100.99342830602247,102.0033625890827,99.98349402296223,100.99342830602247,100.99342830602247,1000000
2023-06-20 20:24:16.346499,100.71415259027017,101.72129411617287,99.70701106436748,100.71415259027017,100.71415259027017,1000000
2023-06-21 20:24:16.346499,102.01878063541501,103.03896844176916,100.99859282906087,102.01878063541501,102.01878063541501,1000000
2023-06-22 20:24:16.346499,105.12633361185657,106.17759694797513,104.075070275738,105.12633361185657,105.12633361185657,1000000
2023-06-23 20:24:16.346499,104.63401989610642,105.68036009506748,103.58767969714536,104.63401989610642,104.63401989610642,1000000
2023-06-26 20:24:16.346499,104.14404607586974,105.18548653662843,103.10260561511105,104.14404607586974,104.14404607586974,1000000
2023-06-27 20:24:16.346499,107.43335832030586,108.50769190350891,106.3590247371028,107.43335832030586,107.43335832030586,1000000
2023-06-28 20:24:16.346499,109.08232012519647,110.17314332644844,107.99149692394451,109.08232012519647,109.08232012519647,1000000
2023-06-29 20:24:16.346499,108.05809302005375,109.13867395025429,106.9775120898532,108.05809302005375,108.05809302005375,1000000
2023-06-30 20:24:16.346499,109.23065309322926,110.32295962416156,108.13834656229697,109.23065309322926,109.23065309322926,1000000
2023-07-03 20:24:16.346499,108.21826474841201,109.30044739589613,107.1360821009279,108.21826474841201,108.21826474841201,1000000
2023-07-04 20:24:16.346499,107.21025543295045,108.28235798727995,106.13815287862094,107.21025543295045,107.21025543295045,1000000
2023-07-05 20:24:16.346499,107.72907217174507,108.80636289346252,106.65178145002763,107.72907217174507,107.72907217174507,1000000
2023-07-06 20:24:16.346499,103.60675406051479,104.64282160111993,102.57068651990964,103.60675406051479,103.60675406051479,1000000
2023-07-07 20:24:16.346499,100.03249130755931,101.0328162206349,99.03216639448372,100.03249130755931,100.03249130755931,1000000
2023-07-10 20:24:16.346499,98.90755085993638,99.89662636853575,97.91847535133701,98.90755085993638,98.90755085993638,1000000
2023-07-11 20:24:16.346499,96.90401794899631,97.87305812848628,95.93497776950635,96.90401794899631,96.90401794899631,1000000
2023-07-12 20:24:16.346499,97.51305453216105,98.48818507748265,96.53792398683944,97.51305453216105,97.51305453216105,1000000
2023-07-13 20:24:16.346499,95.74217050830475,96.6995922133878,94.7847488032217,95.74217050830475,95.74217050830475,1000000
2023-07-14 20:24:16.346499,93.03783007264968,93.96820837337619,92.10745177192318,93.03783007264968,93.03783007264968,1000000
2023-07-17 20:24:16.346499,95.76504569483193,96.72269615178024,94.80739523788361,95.76504569483193,95.76504569483193,1000000
2023-07-18 20:24:16.346499,95.33261614017387,96.2859423015756,94.37928997877214,95.33261614017387,95.33261614017387,1000000
2023-07-19 20:24:16.346499,95.46136894849685,96.41598263798183,94.50675525901188,95.46136894849685,95.46136894849685,1000000
2023-07-20 20:24:16.346499,92.74120070324037,93.66861271027277,91.81378869620796,92.74120070324037,92.74120070324037,1000000
2023-07-21 20:24:16.346499,91.73146655294903,92.64878121847852,90.81415188741954,91.73146655294903,91.73146655294903,1000000
2023-07-24 20:24:16.346499,91.93496838950776,92.85431807340284,91.01561870561268,91.93496838950776,91.93496838950776,1000000
2023-07-25 20:24:16.346499,89.81863722637084,90.71682359863455,88.92045085410713,89.81863722637084,89.81863722637084,1000000
2023-07-26 20:24:16.346499,90.49353090669996,91.39846621576696,89.58859559763296,90.49353090669996,90.49353090669996,1000000
2023-07-27 20:24:16.346499,89.40645258970142,90.30051711559842,88.51238806380441,89.40645258970142,89.40645258970142,1000000
2023-07-28 20:24:16.346499,88.88486652146932,89.77371518668402,87.99601785625462,88.88486652146932,88.88486652146932,1000000
2023-07-31 20:24:16.346499,87.81521428320741,88.69336642603949,86.93706214037533,87.81521428320741,87.81521428320741,1000000
2023-08-01 20:24:16.346499,91.06837839690266,91.9790621808717,90.15769461293362,91.06837839690266,91.06837839690266,1000000
2023-08-02 20:24:16.346499,91.04379498950782,91.9542329394029,90.13335703961273,91.04379498950782,91.04379498950782,1000000
2023-08-03 20:24:16.346499,89.11783465002736,90.00901299652763,88.2266563035271,89.11783465002736,89.11783465002736,1000000
2023-08-04 20:24:16.346499,90.58390307940802,91.4897421102021,89.67806404861393,90.58390307940802,90.58390307940802,1000000
2023-08-07 20:24:16.346499,88.3721274221263,89.25584869634756,87.48840614790504,88.3721274221263,88.3721274221263,1000000
2023-08-08 20:24:16.346499,88.74128182675838,89.62869464502596,87.8538690084908,88.74128182675838,88.74128182675838,1000000
2023-08-09 20:24:16.346499,85.26320905174451,86.11584114226196,84.41057696122706,85.26320905174451,85.26320905174451,1000000
2023-08-10 20:24:16.346499,82.99830095680775,83.82828396637584,82.16831794723967,82.99830095680775,82.99830095680775,1000000
2023-08-11 20:24:16.346499,83.32508391883566,84.15833475802401,82.49183307964731,83.32508391883566,83.32508391883566,1000000
2023-08-14 20:24:16.346499,84.55573971382313,85.40129711096137,83.7101823166849,84.55573971382313,84.55573971382313,1000000
2023-08-15 20:24:16.346499,84.8455431494132,85.69399858090733,83.99708771791907,84.8455431494132,84.8455431494132,1000000
2023-08-16 20:24:16.346499,84.64929832274267,85.49579130597009,83.80280533951525,84.64929832274267,84.64929832274267,1000000
2023-08-17 20:24:16.346499,84.1395339916623,84.98092933157893,83.29813865174567,84.1395339916623,84.1395339916623,1000000
2023-08-18 20:24:16.346499,81.6514909663435,82.46800587600694,80.83497605668006,81.6514909663435,81.6514909663435,1000000
2023-08-21 20:24:16.346499,80.4759639087652,81.28072354785284,79.67120426967755,80.4759639087652,80.4759639087652,1000000
2023-08-22 20:24:16.346499,79.73455692663043,80.53190249589673,78.93721135736413,79.73455692663043,79.73455692663043,1000000
2023-08-23 20:24:16.346499,81.42034037312762,82.2345437768589,80.60613696939633,81.42034037312762,81.42034037312762,1000000
2023-08-24 20:24:16.346499,81.97989073502953,82.79968964237982,81.16009182767924,81.97989073502953,81.97989073502953,1000000
2023-08-25 20:24:16.346499,79.0892139490674,79.88010608855808,78.29832180957672,79.0892139490674,79.0892139490674,1000000
2023-08-28 20:24:16.346499,79.60184487692595,80.39786332569521,78.80582642815669,79.60184487692595,79.60184487692595,1000000
2023-08-29 20:24:16.346499,78.9887796779149,79.77866747469406,78.19889188113575,78.9887796779149,78.9887796779149,1000000
2023-08-30 20:24:16.346499,77.9193948230889,78.69858877131978,77.14020087485801,77.9193948230889,77.9193948230889,1000000
2023-08-31 20:24:16.346499,78.87262374817116,79.66134998565288,78.08389751068945,78.87262374817116,78.87262374817116,1000000
2023-09-01 20:24:16.346499,80.4989764966185,81.30396626158468,79.69398673165232,80.4989764966185,80.4989764966185,1000000
2023-09-04 20:24:16.346499,81.99831842502856,82.81830160927885,81.17833524077827,81.99831842502856,81.99831842502856,1000000
2023-09-05 20:24:16.346499,80.62202991108708,81.42825021019796,79.8158096119762,80.62202991108708,80.62202991108708,1000000
2023-09-06 20:24:16.346499,80.12344332279199,80.9246777560199,79.32220888956407,80.12344332279199,80.12344332279199,1000000
2023-09-07 20:24:16.346499,80.65428265821153,81.46082548479365,79.84773983162941,80.65428265821153,80.65428265821153,1000000
2023-09-08 20:24:16.346499,82.22792050678687,83.05019971185475,81.405641301719,82.22792050678687,82.22792050678687,1000000
2023-09-11 20:24:16.346499,81.43989048401802,82.2542893888582,80.62549157917785,81.43989048401802,81.43989048401802,1000000
2023-09-12 20:24:16.346499,81.1374895494805,81.94886444497531,80.3261146539857,81.1374895494805,81.1374895494805,1000000
2023-09-13 20:24:16.346499,79.34218470164772,80.1356065486642,78.54876285463125,79.34218470164772,79.34218470164772,1000000
2023-09-14 20:24:16.346499,77.44399176346487,78.21843168109952,76.66955184583021,77.44399176346487,77.44399176346487,1000000
2023-09-15 20:24:16.346499,78.70249662540684,79.4895215916609,77.91547165915277,78.70249662540684,78.70249662540684,1000000
2023-09-18 20:24:16.346499,80.83728615084357,81.645659012352,80.02891328933514,80.83728615084357,80.83728615084357,1000000
2023-09-19 20:24:16.346499,80.72086409476464,81.52807273571229,79.91365545381699,80.72086409476464,80.72086409476464,1000000
2023-09-20 20:24:16.346499,82.34098494807198,83.1643947975527,81.51757509859125,82.34098494807198,82.34098494807198,1000000
2023-09-21 20:24:16.346499,82.93653427797453,83.76589962075428,82.10716893519478,82.93653427797453,82.93653427797453,1000000
2023-09-22 20:24:16.346499,81.8664543451504,82.6851188886019,81.0477898016989,81.8664543451504,81.8664543451504,1000000
2023-09-25 20:24:16.346499,82.45817788192826,83.28275966074754,81.63359610310899,82.45817788192826,82.45817788192826,1000000
2023-09-26 20:24:16.346499,84.9946517376595,85.84459825503609,84.1447052202829,84.9946517376595,84.9946517376595,1000000
2023-09-27 20:24:16.346499,84.93375130331368,85.78308881634682,84.08441379028055,84.93375130331368,84.93375130331368,1000000
2023-09-28 20:24:16.346499,87.59157240613797,88.46748813019936,86.71565668207658,87.59157240613797,87.59157240613797,1000000
2023-09-29 20:24:16.346499,83.00222054672793,83.8322427521952,82.17219834126065,83.00222054672793,83.00222054672793,1000000
2023-10-02 20:24:16.346499,84.36661520544914,85.21028135750363,83.52294905339464,84.36661520544914,84.36661520544914,1000000
2023-10-03 20:24:16.346499,84.51349253566538,85.35862746102204,83.66835761030872,84.51349253566538,84.51349253566538,1000000
2023-10-04 20:24:16.346499,84.00808942603125,84.84817032029156,83.16800853177094,84.00808942603125,84.00808942603125,1000000
2023-10-05 20:24:16.346499,84.16226237645117,85.00388500021567,83.32063975268666,84.16226237645117,84.16226237645117,1000000
2023-10-06 20:24:16.346499,80.8166964468128,81.62486341128093,80.00852948234467,80.8166964468128,80.8166964468128,1000000
2023-10-09 20:24:16.346499,80.46163332126754,81.26624965448022,79.65701698805486,80.46163332126754,80.46163332126754,1000000
2023-10-10 20:24:16.346499,81.03631053693539,81.84667364230474,80.22594743156604,81.03631053693539,81.03631053693539,1000000
2023-10-11 20:24:16.346499,83.4315721519426,84.26588787346203,82.59725643042317,83.4315721519426,83.4315721519426,1000000
2023-10-12 20:24:16.346499,82.56677016974058,83.39243787143799,81.74110246804317,82.56677016974058,82.56677016974058,1000000
2023-10-13 20:24:16.346499,81.23167605986482,82.04399282046347,80.41935929926618,81.23167605986482,81.23167605986482,1000000
2023-10-16 20:24:16.346499,80.41650474736053,81.22066979483414,79.61233969988693,80.41650474736053,80.41650474736053,1000000
2023-10-17 20:24:16.346499,81.88877352223918,82.70766125746157,81.06988578701679,81.88877352223918,81.88877352223918,1000000
2023-10-18 20:24:16.346499,82.42719402552132,83.25146596577653,81.6029220852661,82.42719402552132,82.42719402552132,1000000
2023-10-19 20:24:16.346499,81.5538610834632,82.36939969429784,80.73832247262857,81.5538610834632,81.5538610834632,1000000
2023-10-20 20:24:16.346499,82.39103990223904,83.21495030126144,81.56712950321665,82.39103990223904,82.39103990223904,1000000
2023-10-23 20:24:16.346499,82.55100630707797,83.37651637014875,81.72549624400719,82.55100630707797,82.55100630707797,1000000
2023-10-24 20:24:16.346499,84.15025868153397,84.99176126834931,83.30875609471863,84.15025868153397,84.15025868153397,1000000
2023-10-25 20:24:16.346499,82.96869969237495,83.79838668929871,82.1390126954512,82.96869969237495,82.96869969237495,1000000
2023-10-26 20:24:16.346499,82.42498564754237,83.24923550401779,81.60073579106695,82.42498564754237,82.42498564754237,1000000
2023-10-27 20:24:16.346499,81.77859546965831,82.5963814243549,80.96080951496172,81.77859546965831,81.77859546965831,1000000
2023-10-30 20:24:16.346499,79.38491153151642,80.17876064683159,78.59106241620125,79.38491153151642,79.38491153151642,1000000
2023-10-31 20:24:16.346499,79.85506117146561,80.65361178318027,79.05651055975095,79.85506117146561,79.85506117146561,1000000
2023-11-01 20:24:16.346499,80.27199286604677,81.07471279470724,79.46927293738631,80.27199286604677,80.27199286604677,1000000
2023-11-02 20:24:16.346499,80.28020221314925,81.08300423528074,79.47740019101776,80.28020221314925,80.28020221314925,1000000
2023-11-03 20:24:16.346499,79.90354816307006,80.70258364470075,79.10451268143936,79.90354816307006,79.90354816307006,1000000
2023-11-06 20:24:16.346499,77.64168527794955,78.41810213072904,76.86526842517006,77.64168527794955,77.64168527794955,1000000
2023-11-07 20:24:16.346499,76.98849304267375,77.7583779731005,76.21860811224701,76.98849304267375,76.98849304267375,1000000
2023-11-08 20:24:16.346499,76.46079155924886,77.22539947484135,75.69618364365637,76.46079155924886,76.46079155924886,1000000
2023-11-09 20:24:16.346499,75.23393645815531,75.98627582273687,74.48159709357375,75.23393645815531,75.23393645815531,1000000
2023-11-10 20:24:16.346499,74.99125327849353,75.74116581127846,74.2413407457086,74.99125327849353,74.99125327849353,1000000
2023-11-13 20:24:16.346499,75.59725888130896,76.35323147012205,74.84128629249587,75.59725888130896,75.59725888130896,1000000
2023-11-14 20:24:16.346499,78.44906855875072,79.23355924433824,77.66457787316321,78.44906855875072,78.44906855875072,1000000
2023-11-15 20:24:16.346499,78.72297789490436,79.5102076738534,77.93574811595532,78.72297789490436,78.72297789490436,1000000
2023-11-16 20:24:16.346499,79.1284805692182,79.91976537491038,78.33719576352601,79.1284805692182,79.1284805692182,1000000
2023-11-17 20:24:16.346499,79.01066472523497,79.80077137248732,78.22055807798263,79.01066472523497,79.01066472523497,1000000
2023-11-20 20:24:16.346499,75.97859694170648,76.73838291112355,75.21881097228942,75.97859694170648,75.97859694170648,1000000
2023-11-21 20:24:16.346499,75.9383072005841,76.69769027258995,75.17892412857826,75.9383072005841,75.9383072005841,1000000
2023-11-22 20:24:16.346499,76.02978280428925,76.79008063233215,75.26948497624636,76.02978280428925,76.02978280428925,1000000
2023-11-23 20:24:16.346499,79.77537806042196,80.57313184102618,78.97762427981773,79.77537806042196,79.77537806042196,1000000
2023-11-24 20:24:16.346499,79.46846468663232,80.26314933349865,78.67378003976599,79.46846468663232,79.46846468663232,1000000
2023-11-27 20:24:16.346499,79.94773477314403,80.74721212087547,79.1482574254126,79.94773477314403,79.94773477314403,1000000
2023-11-28 20:24:16.346499,79.892232225986,80.69115454824586,79.09330990372615,79.892232225986,79.892232225986,1000000
2023-11-29 20:24:16.346499,78.02486628240783,78.8051149452319,77.24461761958375,78.02486628240783,78.02486628240783,1000000
2023-11-30 20:24:16.346499,79.80823822814821,80.60632061042969,79.01015584586673,79.80823822814821,79.80823822814821,1000000
2023-12-01 20:24:16.346499,81.0084472402338,81.81853171263614,80.19836276783147,81.0084472402338,81.0084472402338,1000000
2023-12-04 20:24:16.346499,82.29005263518133,83.11295316153314,81.46715210882951,82.29005263518133,82.29005263518133,1000000
2023-12-05 20:24:16.346499,80.79338180476466,81.60131562281231,79.98544798671702,80.79338180476466,80.79338180476466,1000000
2023-12-06 20:24:16.346499,83.0601117319049,83.89071284922395,82.22951061458585,83.0601117319049,83.0601117319049,1000000
2023-12-07 20:24:16.346499,80.73135361376457,81.53866714990221,79.92404007762693,80.73135361376457,80.73135361376457,1000000
2023-12-08 20:24:16.346499,81.6789089649713,82.49569805462102,80.86211987532158,81.6789089649713,81.6789089649713,1000000
2023-12-11 20:24:16.346499,85.25718947801816,86.10976137279835,84.40461758323798,85.25718947801816,85.25718947801816,1000000
2023-12-12 20:24:16.346499,83.56818261488763,84.4038644410365,82.73250078873876,83.56818261488763,83.56818261488763,1000000
2023-12-13 20:24:16.346499,82.62169317325082,83.44791010498332,81.79547624151832,82.62169317325082,82.62169317325082,1000000
2023-12-14 20:24:16.346499,82.78636046346215,83.61422406809677,81.95849685882752,82.78636046346215,82.78636046346215,1000000
2023-12-15 20:24:16.346499,81.95274212373732,82.77226954497469,81.13321470249996,81.95274212373732,81.95274212373732,1000000
2023-12-18 20:24:16.346499,79.41111971799987,80.20523091517987,78.61700852081987,79.41111971799987,79.41111971799987,1000000
2023-12-19 20:24:16.346499,79.52001297001074,80.31521309971085,78.72481284031063,79.52001297001074,79.52001297001074,1000000
2023-12-20 20:24:16.346499,77.83052486813894,78.60883011682033,77.05221961945755,77.83052486813894,77.83052486813894,1000000
2023-12-21 20:24:16.346499,78.56772381713722,79.3534010553086,77.78204657896585,78.56772381713722,78.56772381713722,1000000
2023-12-22 20:24:16.346499,77.12298243101594,77.8942122553261,76.35175260670579,77.12298243101594,77.12298243101594,1000000
2023-12-25 20:24:16.346499,79.51369370876384,80.30883064585147,78.7185567716762,79.51369370876384,79.51369370876384,1000000
2023-12-26 20:24:16.346499,78.26810646109975,79.05078752571075,77.48542539648875,78.26810646109975,78.26810646109975,1000000
2023-12-27 20:24:16.346499,77.76396356035157,78.54160319595509,76.98632392474805,77.76396356035157,77.76396356035157,1000000
2023-12-28 20:24:16.346499,79.02921002529665,79.81950212554962,78.23891792504368,79.02921002529665,79.02921002529665,1000000
2023-12-29 20:24:16.346499,77.08372533377461,77.85456258711235,76.31288808043686,77.08372533377461,77.08372533377461,1000000
2024-01-01 20:24:16.346499,77.43439451624386,78.2087384614063,76.66005057108141,77.43439451624386,77.43439451624386,1000000
2024-01-02 20:24:16.346499,79.45875067072696,80.25333817743423,78.66416316401968,79.45875067072696,79.45875067072696,1000000
2024-01-03 20:24:16.346499,76.90417847987946,77.67322026467826,76.13513669508066,76.90417847987946,76.90417847987946,1000000
2024-01-04 20:24:16.346499,77.1881607840794,77.9600423919202,76.4162791762386,77.1881607840794,77.1881607840794,1000000
2024-01-05 20:24:16.346499,77.58935828222866,78.36525186505095,76.81346469940637,77.58935828222866,77.58935828222866,1000000
2024-01-08 20:24:16.346499,78.80258098046008,79.59060679026469,78.01455517065547,78.80258098046008,78.80258098046008,1000000
2024-01-09 20:24:16.346499,76.85308280920393,77.62161363729597,76.08455198111189,76.85308280920393,76.85308280920393,1000000
2024-01-10 20:24:16.346499,74.82345958057739,75.57169417638316,74.07522498477162,74.82345958057739,74.82345958057739,1000000
2024-01-11 20:24:16.346499,75.60452905334458,76.36057434387803,74.84848376281113,75.60452905334458,75.60452905334458,1000000
2024-01-12 20:24:16.346499,76.05359678046172,76.81413274826633,75.2930608126571,76.05359678046172,76.05359678046172,1000000
2024-01-15 20:24:16.346499,76.43461442519359,77.19896056944552,75.67026828094166,76.43461442519359,76.43461442519359,1000000
2024-01-16 20:24:16.346499,76.96422713141759,77.73386940273177,76.1945848601034,76.96422713141759,76.96422713141759,1000000
2024-01-17 20:24:16.346499,75.91747558888666,76.67665034477552,75.1583008329978,75.91747558888666,75.91747558888666,1000000
2024-01-18 20:24:16.346499,76.27011787657963,77.03281905534543,75.50741669781384,76.27011787657963,76.27011787657963,1000000
2024-01-19 20:24:16.346499,76.71717131827705,77.48434303145983,75.94999960509428,76.71717131827705,76.71717131827705,1000000
2024-01-22 20:24:16.346499,75.62111091591339,76.37732202507253,74.86489980675425,75.62111091591339,75.62111091591339,1000000
2024-01-23 20:24:16.346499,78.44294974094063,79.22737923835004,77.65852024353123,78.44294974094063,78.44294974094063,1000000
2024-01-24 20:24:16.346499,79.18632678095436,79.9781900487639,78.39446351314481,79.18632678095436,79.18632678095436,1000000
2024-01-25 20:24:16.346499,77.29962782045871,78.0726240986633,76.52663154225412,77.29962782045871,77.29962782045871,1000000
2024-01-26 20:24:16.346499,78.31465481229019,79.09780136041309,77.53150826416729,78.31465481229019,78.31465481229019,1000000
2024-01-29 20:24:16.346499,76.7880176411758,77.55589781758756,76.02013746476403,76.7880176411758,76.7880176411758,1000000
2024-01-30 20:24:16.346499,77.99679096992126,78.77675887962047,77.21682306022205,77.99679096992126,77.99679096992126,1000000
2024-01-31 20:24:16.346499,79.80412571381157,80.60216697094968,79.00608445667346,79.80412571381157,79.80412571381157,1000000
2024-02-01 20:24:16.346499,78.49424901571473,79.27919150587188,77.70930652555758,78.49424901571473,78.49424901571473,1000000
2024-02-02 20:24:16.346499,80.00663873140871,80.8067051187228,79.20657234409462,80.00663873140871,80.00663873140871,1000000
2024-02-05 20:24:16.346499,80.6671430213412,81.47381445155462,79.86047159112779,80.6671430213412,80.6671430213412,1000000
2024-02-06 20:24:16.346499,81.99340791130965,82.81334199042274,81.17347383219655,81.99340791130965,81.99340791130965,1000000
2024-02-07 20:24:16.346499,85.10389832631074,85.95493730957385,84.25285934304763,85.10389832631074,85.10389832631074,1000000
2024-02-08 20:24:16.346499,84.68622862081487,85.53309090702302,83.83936633460672,84.68622862081487,84.68622862081487,1000000
2024-02-09 20:24:16.346499,83.40960715812379,84.24370322970503,82.57551108654255,83.40960715812379,83.40960715812379,1000000
2024-02-12 20:24:16.346499,81.92572617539284,82.74498343714677,81.1064689136389,81.92572617539284,81.92572617539284,1000000
2024-02-13 20:24:16.346499,80.58900917504988,81.39489926680038,79.78311908329938,80.58900917504988,80.58900917504988,1000000
2024-02-14 20:24:16.346499,80.46473816770217,81.2693855493792,79.66009078602514,80.46473816770217,80.46473816770217,1000000
2024-02-15 20:24:16.346499,81.01375225428248,81.82388977682531,80.20361473173965,81.01375225428248,81.01375225428248,1000000
2024-02-16 20:24:16.346499,81.4620674516417,82.27668812615812,80.64744677712528,81.4620674516417,81.4620674516417,1000000
2024-02-19 20:24:16.346499,82.80974860419852,83.6378460902405,81.98165111815653,82.80974860419852,82.80974860419852,1000000
2024-02-20 20:24:16.346499,82.83128227215428,83.65959509487583,82.00296944943274,82.83128227215428,82.83128227215428,1000000
2024-02-21 20:24:16.346499,85.23924410089855,86.09163654190753,84.38685165988956,85.23924410089855,85.23924410089855,1000000
2024-02-22 20:24:16.346499,84.78806113267173,85.63594174399844,83.94018052134501,84.78806113267173,84.78806113267173,1000000
2024-02-23 20:24:16.346499,89.40081852443191,90.29482670967623,88.5068103391876,89.40081852443191,89.40081852443191,1000000
2024-02-26 20:24:16.346499,90.51952198471595,91.42471720456311,89.61432676486879,90.51952198471595,90.51952198471595,1000000
2024-02-27 20:24:16.346499,88.96773213926816,89.85740946066085,88.07805481787548,88.96773213926816,88.96773213926816,1000000
2024-02-28 20:24:16.346499,87.06223460091911,87.9328569469283,86.19161225490993,87.06223460091911,87.06223460091911,1000000
2024-02-29 20:24:16.346499,87.9023371330066,88.78136050433666,87.02331376167653,87.9023371330066,87.9023371330066,1000000
2024-03-01 20:24:16.346499,87.50947911115873,88.38457390227032,86.63438432004713,87.50947911115873,87.50947911115873,1000000
2024-03-04 20:24:16.346499,88.75911533762091,89.64670649099712,87.8715241842447,88.75911533762091,88.75911533762091,1000000
2024-03-05 20:24:16.346499,89.5991983956534,90.49519037960994,88.70320641169687,89.5991983956534,89.5991983956534,1000000
2024-03-06 20:24:16.346499,89.46869015177174,90.36337705328945,88.57400325025402,89.46869015177174,89.46869015177174,1000000
2024-03-07 20:24:16.346499,87.95345965608516,88.83299425264602,87.0739250595243,87.95345965608516,87.95345965608516,1000000
2024-03-08 20:24:16.346499,85.28873857085433,86.14162595656288,84.4358511851458,85.28873857085433,85.28873857085433,1000000
2024-03-11 20:24:16.346499,84.5270846305579,85.37235547686348,83.68181378425231,84.5270846305579,84.5270846305579,1000000
2024-03-12 20:24:16.346499,85.97486249786365,86.83461112284229,85.11511387288502,85.97486249786365,85.97486249786365,1000000
2024-03-13 20:24:16.346499,86.3429961021286,87.20642606314988,85.47956614110731,86.3429961021286,86.3429961021286,1000000
2024-03-14 20:24:16.346499,84.1917797318366,85.03369752915498,83.34986193451823,84.1917797318366,84.1917797318366,1000000
2024-03-15 20:24:16.346499,84.48338793909697,85.32822181848795,83.638554059706,84.48338793909697,84.48338793909697,1000000
2024-03-18 20:24:16.346499,85.13444629252312,85.98579075544835,84.2831018295979,85.13444629252312,85.13444629252312,1000000
2024-03-19 20:24:16.346499,83.62951202387286,84.4658071441116,82.79321690363413,83.62951202387286,83.62951202387286,1000000
2024-03-20 20:24:16.346499,83.8866311357937,84.72549744715164,83.04776482443577,83.8866311357937,83.8866311357937,1000000
2024-03-21 20:24:16.346499,83.98428980165704,84.82413269967361,83.14444690364047,83.98428980165704,83.98428980165704,1000000
2024-03-22 20:24:16.346499,82.06445882710317,82.8851034153742,81.24381423883213,82.06445882710317,82.06445882710317,1000000
2024-03-25 20:24:16.346499,82.65169134914636,83.47820826263782,81.8251744356549,82.65169134914636,82.65169134914636,1000000
2024-03-26 20:24:16.346499,83.57868714088164,84.41447401229046,82.74290026947283,83.57868714088164,83.57868714088164,1000000
2024-03-27 20:24:16.346499,85.38908716109944,86.24297803271044,84.53519628948844,85.38908716109944,85.38908716109944,1000000
2024-03-28 20:24:16.346499,87.18875106653451,88.06063857719985,86.31686355586916,87.18875106653451,87.18875106653451,1000000
2024-03-29 20:24:16.346499,84.78640563503849,85.63426969138888,83.9385415786881,84.78640563503849,84.78640563503849,1000000
2024-04-01 20:24:16.346499,83.1961093500597,84.0280704435603,82.3641482565591,83.1961093500597,83.1961093500597,1000000
2024-04-02 20:24:16.346499,84.05308795825628,84.89361883783884,83.21255707867373,84.05308795825628,84.05308795825628,1000000
2024-04-03 20:24:16.346499,84.91679387273108,85.76596181145838,84.06762593400377,84.91679387273108,84.91679387273108,1000000
2024-04-04 20:24:16.346499,85.79151783698462,86.64943301535448,84.93360265861477,85.79151783698462,85.79151783698462,1000000
2024-04-05 20:24:16.346499,92.40215148501697,93.32617299986714,91.4781299701668,92.40215148501697,92.40215148501697,1000000
2024-04-08 20:24:16.346499,93.45718171402555,94.3917535311658,92.5226098968853,93.45718171402555,93.45718171402555,1000000
2024-04-09 20:24:16.346499,95.5797170016768,96.53551417169356,94.62391983166003,95.5797170016768,95.5797170016768,1000000
2024-04-10 20:24:16.346499,97.40338137315243,98.37741518688395,96.4293475594209,97.40338137315243,97.40338137315243,1000000
2024-04-11 20:24:16.346499,98.6723355826339,99.65905893846025,97.68561222680756,98.6723355826339,98.6723355826339,1000000
2024-04-12 20:24:16.346499,98.05016852851318,99.03067021379832,97.06966684322805,98.05016852851318,98.05016852851318,1000000
2024-04-15 20:24:16.346499,99.53850972805957,100.53389482534016,98.54312463077898,99.53850972805957,99.53850972805957,1000000
2024-04-16 20:24:16.346499,97.9999923253528,98.97999224860634,97.01999240209928,97.9999923253528,97.9999923253528,1000000
2024-04-17 20:24:16.346499,97.53582789249238,98.51118617141731,96.56046961356745,97.53582789249238,97.53582789249238,1000000
2024-04-18 20:24:16.346499,96.5890211831654,97.55491139499705,95.62313097133375,96.5890211831654,96.5890211831654,1000000
2024-04-19 20:24:16.346499,96.74718404283617,97.71465588326453,95.77971220240781,96.74718404283617,96.74718404283617,1000000
2024-04-22 20:24:16.346499,101.22591800976195,102.23817718985957,100.21365882966434,101.22591800976195,101.22591800976195,1000000
2024-04-23 20:24:16.346499,97.44560534400645,98.42006139744652,96.47114929056639,97.44560534400645,97.44560534400645,1000000
2024-04-24 20:24:16.346499,98.7830661374972,99.77089679887217,97.79523547612223,98.7830661374972,98.7830661374972,1000000
2024-04-25 20:24:16.346499,95.59688576620283,96.55285462386486,94.6409169085408,95.59688576620283,95.59688576620283,1000000
2024-04-26 20:24:16.346499,94.69458143293676,95.64152724726613,93.74763561860739,94.69458143293676,94.69458143293676,1000000
2024-04-29 20:24:16.346499,96.75693585255618,97.72450521108175,95.78936649403062,96.75693585255618,96.75693585255618,1000000
2024-04-30 20:24:16.346499,96.8813266062406,97.85013987230302,95.9125133401782,96.8813266062406,96.8813266062406,1000000
2024-05-01 20:24:16.346499,94.79305972966581,95.74099032696247,93.84512913236915,94.79305972966581,94.79305972966581,1000000
2024-05-02 20:24:16.346499,93.43694318493118,94.3713126167805,92.50257375308186,93.43694318493118,93.43694318493118,1000000
2024-05-03 20:24:16.346499,94.70693391004751,95.65400324914799,93.75986457094703,94.70693391004751,94.70693391004751,1000000
2024-05-06 20:24:16.346499,93.32351822364473,94.25675340588117,92.39028304140828,93.32351822364473,93.32351822364473,1000000
2024-05-07 20:24:16.346499,93.72753176623509,94.66480708389744,92.79025644857273,93.72753176623509,93.72753176623509,1000000
2024-05-08 20:24:16.346499,93.8129584876797,94.7510880725565,92.87482890280289,93.8129584876797,93.8129584876797,1000000
2024-05-09 20:24:16.346499,92.59038736046965,93.51629123407434,91.66448348686495,92.59038736046965,92.59038736046965,1000000
2024-05-10 20:24:16.346499,96.56055963466606,97.52616523101273,95.5949540383194,96.56055963466606,96.56055963466606,1000000
2024-05-13 20:24:16.346499,97.78479114582781,98.7626390572861,96.80694323436953,97.78479114582781,97.78479114582781,1000000
2024-05-14 20:24:16.346499,93.82422824829109,94.76247053077401,92.88598596580817,93.82422824829109,93.82422824829109,1000000
2024-05-15 20:24:16.346499,94.1741068920272,95.11584796094748,93.23236582310692,94.1741068920272,94.1741068920272,1000000
2024-05-16 20:24:16.346499,92.9276439065713,93.85692034563702,91.99836746750559,92.9276439065713,92.9276439065713,1000000
2024-05-17 20:24:16.346499,94.511936334372,95.45705569771572,93.56681697102827,94.511936334372,94.511936334372,1000000
2024-05-20 20:24:16.346499,93.01388294288358,93.94402177231242,92.08374411345474,93.01388294288358,93.01388294288358,1000000
2024-05-21 20:24:16.346499,92.80044130416587,93.72844571720753,91.87243689112421,92.80044130416587,92.80044130416587,1000000
2024-05-22 20:24:16.346499,93.73770215101341,94.67507917252354,92.80032512950328,93.73770215101341,93.73770215101341,1000000
2024-05-23 20:24:16.346499,95.36078020154964,96.31438800356514,94.40717239953415,95.36078020154964,95.36078020154964,1000000
2024-05-24 20:24:16.346499,93.07155616455053,94.00227172619603,92.14084060290503,93.07155616455053,93.07155616455053,1000000
2024-05-27 20:24:16.346499,92.44890515337687,93.37339420491064,91.5244161018431,92.44890515337687,92.44890515337687,1000000
2024-05-28 20:24:16.346499,91.57074167288566,92.48644908961452,90.6550342561568,91.57074167288566,91.57074167288566,1000000
2024-05-29 20:24:16.346499,90.37422482521862,91.2779670734708,89.47048257696643,90.37422482521862,90.37422482521862,1000000
2024-05-30 20:24:16.346499,93.5652559938146,94.50090855375275,92.62960343387645,93.5652559938146,93.5652559938146,1000000
2024-05-31 20:24:16.346499,94.3231003429921,95.26633134642202,93.37986933956219,94.3231003429921,94.3231003429921,1000000
2024-06-03 20:24:16.346499,91.94449066807984,92.86393557476063,91.02504576139904,91.94449066807984,91.94449066807984,1000000
2024-06-04 20:24:16.346499,93.6323376525911,94.56866102911701,92.6960142760652,93.6323376525911,93.6323376525911,1000000
2024-06-05 20:24:16.346499,97.60638656439562,98.58245043003957,96.63032269875167,97.60638656439562,97.60638656439562,1000000
2024-06-06 20:24:16.346499,99.62189063110893,100.61810953742001,98.62567172479784,99.62189063110893,99.62189063110893,1000000
2024-06-07 20:24:16.346499,96.59464045957968,97.56058686417548,95.62869405498388,96.59464045957968,96.59464045957968,1000000
2024-06-10 20:24:16.346499,95.6591521362438,96.61574365760625,94.70256061488136,95.6591521362438,95.6591521362438,1000000
2024-06-11 20:24:16.346499,98.08298506350674,99.06381491414182,97.10215521287166,98.08298506350674,98.08298506350674,1000000
2024-06-12 20:24:16.346499,96.694778390983,97.66172617489283,95.72783060707317,96.694778390983,96.694778390983,1000000
2024-06-13 20:24:16.346499,97.55307881598725,98.52860960414712,96.57754802782738,97.55307881598725,97.55307881598725,1000000
2024-06-14 20:24:16.346499,99.06443755334205,100.05508192887547,98.07379317780862,99.06443755334205,99.06443755334205,1000000
2024-06-17 20:24:16.346499,97.22792063698331,98.20019984335315,96.25564143061348,97.22792063698331,97.22792063698331,1000000
2024-06-18 20:24:16.346499,97.11217010508201,98.08329180613283,96.1410484040312,97.11217010508201,97.11217010508201,1000000
2024-06-19 20:24:16.346499,90.81683999938532,91.72500839937918,89.90867159939147,90.81683999938532,90.81683999938532,1000000
2024-06-20 20:24:16.346499,88.95620702897725,89.84576909926702,88.06664495868748,88.95620702897725,88.95620702897725,1000000
2024-06-21 20:24:16.346499,88.50685693369212,89.39192550302904,87.6217883643552,88.50685693369212,88.50685693369212,1000000
2024-06-24 20:24:16.346499,86.29810958228352,87.16109067810635,85.43512848646068,86.29810958228352,86.29810958228352,1000000
2024-06-25 20:24:16.346499,89.11558977408453,90.00674567182537,88.22443387634368,89.11558977408453,89.11558977408453,1000000
2024-06-26 20:24:16.346499,86.56663192693885,87.43229824620825,85.70096560766946,86.56663192693885,86.56663192693885,1000000
2024-06-27 20:24:16.346499,85.80476854471132,86.66281623015844,84.9467208592642,85.80476854471132,85.80476854471132,1000000
2024-06-28 20:24:16.346499,86.02913184418003,86.88942316262182,85.16884052573823,86.02913184418003,86.02913184418003,1000000
2024-07-01 20:24:16.346499,88.5089616403513,89.39405125675482,87.62387202394778,88.5089616403513,88.5089616403513,1000000
2024-07-02 20:24:16.346499,85.96722827915984,86.82690056195143,85.10755599636825,85.96722827915984,85.96722827915984,1000000
2024-07-03 20:24:16.346499,87.96710755531083,88.84677863086394,87.08743647975773,87.96710755531083,87.96710755531083,1000000
2024-07-04 20:24:16.346499,87.98511101089743,88.8649621210064,87.10525990078845,87.98511101089743,87.98511101089743,1000000
2024-07-05 20:24:16.346499,86.25794805848523,87.12052753907008,85.39536857790037,86.25794805848523,86.25794805848523,1000000
2024-07-08 20:24:16.346499,87.05515000809817,87.92570150817915,86.18459850801719,87.05515000809817,87.05515000809817,1000000
2024-07-09 20:24:16.346499,87.40173344127246,88.27575077568518,86.52771610685973,87.40173344127246,87.40173344127246,1000000
2024-07-10 20:24:16.346499,86.35253353118473,87.21605886649658,85.48900819587288,86.35253353118473,86.35253353118473,1000000
2024-07-11 20:24:16.346499,86.47308526887768,87.33781612156646,85.6083544161889,86.47308526887768,86.47308526887768,1000000
2024-07-12 20:24:16.346499,85.80670015854399,86.66476716012943,84.94863315695855,85.80670015854399,85.80670015854399,1000000
2024-07-15 20:24:16.346499,86.00151113467935,86.86152624602614,85.14149602333255,86.00151113467935,86.00151113467935,1000000
2024-07-16 20:24:16.346499,87.14039590622804,88.01179986529031,86.26899194716576,87.14039590622804,87.14039590622804,1000000
2024-07-17 20:24:16.346499,89.90451857168486,90.8035637574017,89.00547338596802,89.90451857168486,89.90451857168486,1000000
2024-07-18 20:24:16.346499,87.67881444163291,88.55560258604923,86.80202629721659,87.67881444163291,87.67881444163291,1000000
2024-07-19 20:24:16.346499,91.41925119071885,92.33344370262604,90.50505867881166,91.41925119071885,91.41925119071885,1000000
2024-07-22 20:24:16.346499,87.85008309290114,88.72858392383016,86.97158226197213,87.85008309290114,87.85008309290114,1000000
2024-07-23 20:24:16.346499,87.58339642867834,88.45923039296513,86.70756246439156,87.58339642867834,87.58339642867834,1000000
2024-07-24 20:24:16.346499,88.61393281110537,89.50007213921643,87.72779348299431,88.61393281110537,88.61393281110537,1000000
2024-07-25 20:24:16.346499,89.11192870086415,90.00304798787279,88.22080941385552,89.11192870086415,89.11192870086415,1000000
2024-07-26 20:24:16.346499,88.00212959661785,88.88215089258402,87.12210830065167,88.00212959661785,88.00212959661785,1000000
2024-07-29 20:24:16.346499,87.63582557166023,88.51218382737683,86.75946731594364,87.63582557166023,87.63582557166023,1000000
2024-07-30 20:24:16.346499,86.7717346933317,87.63945204026501,85.90401734639838,86.7717346933317,86.7717346933317,1000000
2024-07-31 20:24:16.346499,85.74893064678844,86.60641995325632,84.89144134032055,85.74893064678844,85.74893064678844,1000000
2024-08-01 20:24:16.346499,87.20598007268488,88.07803987341173,86.33392027195804,87.20598007268488,87.20598007268488,1000000
2024-08-02 20:24:16.346499,87.82865777977905,88.70694435757684,86.95037120198126,87.82865777977905,87.82865777977905,1000000
2024-08-05 20:24:16.346499,86.61151138548958,87.47762649934448,85.74539627163468,86.61151138548958,86.61151138548958,1000000
2024-08-06 20:24:16.346499,88.16982548255902,89.05152373738461,87.28812722773343,88.16982548255902,88.16982548255902,1000000
2024-08-07 20:24:16.346499,88.71171638509033,89.59883354894123,87.82459922123942,88.71171638509033,88.71171638509033,1000000
2024-08-08 20:24:16.346499,90.15392426002285,91.05546350262307,89.25238501742263,90.15392426002285,90.15392426002285,1000000
2024-08-09 20:24:16.346499,91.289194478557,92.20208642334256,90.37630253377142,91.289194478557,91.289194478557,1000000
2024-08-12 20:24:16.346499,89.77562874308062,90.67338503051143,88.87787245564981,89.77562874308062,89.77562874308062,1000000
2024-08-13 20:24:16.346499,88.7698166412079,89.65751480761998,87.88211847479582,88.7698166412079,88.7698166412079,1000000
2024-08-14 20:24:16.346499,90.09655896728668,90.99752455695955,89.19559337761382,90.09655896728668,90.09655896728668,1000000
2024-08-15 20:24:16.346499,91.19640417951678,92.10836822131195,90.2844401377216,91.19640417951678,91.19640417951678,1000000
2024-08-16 20:24:16.346499,91.15828117529377,92.0698639870467,90.24669836354083,91.15828117529377,91.15828117529377,1000000
2024-08-19 20:24:16.346499,91.37218842723824,92.28591031151062,90.45846654296587,91.37218842723824,91.37218842723824,1000000
2024-08-20 20:24:16.346499,93.70704917933519,94.64411967112854,92.76997868754184,93.70704917933519,93.70704917933519,1000000
2024-08-21 20:24:16.346499,92.59836099480064,93.52434460474865,91.67237738485264,92.59836099480064,92.59836099480064,1000000
2024-08-22 20:24:16.346499,93.61156741081851,94.54768308492669,92.67545173671033,93.61156741081851,93.61156741081851,1000000
2024-08-23 20:24:16.346499,93.23301598855275,94.16534614843827,92.30068582866723,93.23301598855275,93.23301598855275,1000000
2024-08-26 20:24:16.346499,92.82711448653494,93.75538563140029,91.89884334166959,92.82711448653494,92.82711448653494,1000000
2024-08-27 20:24:16.346499,94.86704017922634,95.8157105810186,93.91836977743407,94.86704017922634,94.86704017922634,1000000
2024-08-28 20:24:16.346499,96.43313629810709,97.39746766108816,95.46880493512602,96.43313629810709,96.43313629810709,1000000
2024-08-29 20:24:16.346499,98.00212201027256,98.98214323037529,97.02210079016983,98.00212201027256,98.00212201027256,1000000
2024-08-30 20:24:16.346499,100.56091587708383,101.56652503585467,99.55530671831299,100.56091587708383,100.56091587708383,1000000
2024-09-02 20:24:16.346499,100.60315918811438,101.60919077999552,99.59712759623324,100.60315918811438,100.60315918811438,1000000
2024-09-03 20:24:16.346499,101.97529165471427,102.99504457126142,100.95553873816712,101.97529165471427,101.97529165471427,1000000
2024-09-04 20:24:16.346499,101.34250079482666,102.35592580277493,100.32907578687839,101.34250079482666,101.34250079482666,1000000
2024-09-05 20:24:16.346499,101.99953737152099,103.01953274523619,100.97954199780578,101.99953737152099,101.99953737152099,1000000
2024-09-06 20:24:16.346499,101.73404674476858,102.75138721221626,100.7167062773209,101.73404674476858,101.73404674476858,1000000
2024-09-09 20:24:16.346499,101.93140258550105,102.95071661135606,100.91208855964604,101.93140258550105,101.93140258550105,1000000
2024-09-10 20:24:16.346499,103.14470639272902,104.17615345665631,102.11325932880173,103.14470639272902,103.14470639272902,1000000
2024-09-11 20:24:16.346499,101.45680374999753,102.4713717874975,100.44223571249756,101.45680374999753,101.45680374999753,1000000
2024-09-12 20:24:16.346499,105.70254225396177,106.75956767650139,104.64551683142214,105.70254225396177,105.70254225396177,1000000
2024-09-13 20:24:16.346499,103.57577035843792,104.6115280620223,102.54001265485354,103.57577035843792,103.57577035843792,1000000
2024-09-16 20:24:16.346499,101.06055993983928,102.07116553923767,100.04995434044089,101.06055993983928,101.06055993983928,1000000
2024-09-17 20:24:16.346499,103.40134660680593,104.43536007287399,102.36733314073787,103.40134660680593,103.40134660680593,1000000
2024-09-18 20:24:16.346499,105.03852637908871,106.0889116428796,103.98814111529782,105.03852637908871,105.03852637908871,1000000
2024-09-19 20:24:16.346499,106.34965889643162,107.41315548539593,105.28616230746731,106.34965889643162,106.34965889643162,1000000
2024-09-20 20:24:16.346499,107.68614550801884,108.76300696309903,106.60928405293865,107.68614550801884,107.68614550801884,1000000
2024-09-23 20:24:16.346499,107.65976935276291,108.73636704629054,106.58317165923528,107.65976935276291,107.65976935276291,1000000
2024-09-24 20:24:16.346499,105.72780537906445,106.78508343285509,104.67052732527381,105.72780537906445,105.72780537906445,1000000
2024-09-25 20:24:16.346499,105.88809837057549,106.94697935428125,104.82921738686973,105.88809837057549,105.88809837057549,1000000
2024-09-26 20:24:16.346499,104.45403105214785,105.49857136266934,103.40949074162637,104.45403105214785,104.45403105214785,1000000
2024-09-27 20:24:16.346499,106.49113479042745,107.55604613833172,105.42622344252318,106.49113479042745,106.49113479042745,1000000
2024-09-30 20:24:16.346499,106.17792864171803,107.2397079281352,105.11614935530085,106.17792864171803,106.17792864171803,1000000
2024-10-01 20:24:16.346499,104.42493699261856,105.46918636254475,103.38068762269236,104.42493699261856,104.42493699261856,1000000
2024-10-02 20:24:16.346499,103.75372306731988,104.79126029799308,102.71618583664669,103.75372306731988,103.75372306731988,1000000
2024-10-03 20:24:16.346499,104.61058658237386,105.65669244819759,103.56448071655012,104.61058658237386,104.61058658237386,1000000
2024-10-04 20:24:16.346499,103.43115545957966,104.46546701417546,102.39684390498385,103.43115545957966,103.43115545957966,1000000
2024-10-07 20:24:16.346499,101.73029134846229,102.74759426194692,100.71298843497766,101.73029134846229,101.73029134846229,1000000
2024-10-08 20:24:16.346499,102.22609876892163,103.24835975661085,101.20383778123241,102.22609876892163,102.22609876892163,1000000
2024-10-09 20:24:16.346499,102.72693830678651,103.75420768985437,101.69966892371865,102.72693830678651,102.72693830678651,1000000
2024-10-10 20:24:16.346499,101.68540390075859,102.70225793976617,100.668549861751,101.68540390075859,101.68540390075859,1000000
2024-10-11 20:24:16.346499,100.72744949356803,101.73472398850372,99.72017499863234,100.72744949356803,100.72744949356803,1000000
2024-10-14 20:24:16.346499,101.19492546047157,102.20687471507628,100.18297620586685,101.19492546047157,101.19492546047157,1000000
2024-10-15 20:24:16.346499,98.26414972050561,99.24679121771067,97.28150822330056,98.26414972050561,98.26414972050561,1000000
2024-10-16 20:24:16.346499,95.4980850994751,96.45306595046986,94.54310424848035,95.4980850994751,95.4980850994751,1000000
2024-10-17 20:24:16.346499,94.12588415186728,95.06714299338596,93.18462531034861,94.12588415186728,94.12588415186728,1000000
2024-10-18 20:24:16.346499,93.72406611437577,94.66130677551953,92.78682545323201,93.72406611437577,93.72406611437577,1000000
2024-10-21 20:24:16.346499,94.30685653904712,95.2499251044376,93.36378797365664,94.30685653904712,94.30685653904712,1000000
2024-10-22 20:24:16.346499,97.08958068096418,98.06047648777381,96.11868487415454,97.08958068096418,97.08958068096418,1000000
2024-10-23 20:24:16.346499,98.75497694463773,99.74252671408411,97.76742717519136,98.75497694463773,98.75497694463773,1000000
2024-10-24 20:24:16.346499,98.43908242785578,99.42347325213434,97.45469160357722,98.43908242785578,98.43908242785578,1000000
2024-10-25 20:24:16.346499,98.40164366671182,99.38566010337894,97.4176272300447,98.40164366671182,98.40164366671182,1000000
2024-10-28 20:24:16.346499,96.42863292062172,97.39291924982794,95.4643465914155,96.42863292062172,96.42863292062172,1000000
2024-10-29 20:24:16.346499,96.39292899272533,97.35685828265258,95.42899970279808,96.39292899272533,96.39292899272533,1000000
2024-10-30 20:24:16.346499,95.83643595903402,96.79480031862435,94.87807159944369,95.83643595903402,95.83643595903402,1000000
2024-10-31 20:24:16.346499,96.45499989184667,97.41954989076514,95.4904498929282,96.45499989184667,96.45499989184667,1000000
2024-11-01 20:24:16.346499,94.85918868042924,95.80778056723354,93.91059679362495,94.85918868042924,94.85918868042924,1000000
2024-11-04 20:24:16.346499,95.84448446012777,96.80292930472905,94.8860396155265,95.84448446012777,95.84448446012777,1000000
2024-11-05 20:24:16.346499,98.78257587870193,99.77040163748896,97.79475011991491,98.78257587870193,98.78257587870193,1000000
2024-11-06 20:24:16.346499,98.56770372635157,99.55338076361508,97.58202668908805,98.56770372635157,98.56770372635157,1000000
2024-11-07 20:24:16.346499,99.35961976649658,100.35321596416155,98.36602356883161,99.35961976649658,99.35961976649658,1000000
2024-11-08 20:24:16.346499,100.73106865850754,101.73837934509261,99.72375797192247,100.73106865850754,100.73106865850754,1000000
2024-11-11 20:24:16.346499,99.92276132049291,100.92198893369785,98.92353370728797,99.92276132049291,99.92276132049291,1000000
2024-11-12 20:24:16.346499,100.37060011196608,101.37430611308575,99.36689411084642,100.37060011196608,100.37060011196608,1000000
2024-11-13 20:24:16.346499,100.39587824843247,101.3998370309168,99.39191946594813,100.39587824843247,100.39587824843247,1000000
2024-11-14 20:24:16.346499,100.59200380238626,101.59792384041012,99.5860837643624,100.59200380238626,100.59200380238626,1000000
2024-11-15 20:24:16.346499,99.03683174004884,100.02720005744933,98.04646342264834,99.03683174004884,99.03683174004884,1000000
2024-11-18 20:24:16.346499,99.08537994012887,100.07623373953017,98.09452614072758,99.08537994012887,99.08537994012887,1000000
2024-11-19 20:24:16.346499,100.07226693808067,101.07298960746148,99.07154426869987,100.07226693808067,100.07226693808067,1000000
2024-11-20 20:24:16.346499,102.97665154777579,104.00641806325355,101.94688503229803,102.97665154777579,102.97665154777579,1000000
2024-11-21 20:24:16.346499,104.95230149973027,106.00182451472757,103.90277848473296,104.95230149973027,104.95230149973027,1000000
2024-11-22 20:24:16.346499,109.47193058902394,110.56664989491418,108.3772112831337,109.47193058902394,109.47193058902394,1000000
2024-11-25 20:24:16.346499,107.7918702061812,108.86978890824301,106.7139515041194,107.7918702061812,107.7918702061812,1000000
2024-11-26 20:24:16.346499,109.67245166321258,110.7691761798447,108.57572714658046,109.67245166321258,109.67245166321258,1000000
2024-11-27 20:24:16.346499,110.0746030084561,111.17534903854066,108.97385697837153,110.0746030084561,110.0746030084561,1000000
2024-11-28 20:24:16.346499,114.89543677926986,116.04439114706256,113.74648241147716,114.89543677926986,114.89543677926986,1000000
2024-11-29 20:24:16.346499,113.03804108839356,114.16842149927749,111.90766067750963,113.03804108839356,113.03804108839356,1000000
2024-12-02 20:24:16.346499,111.13963084640852,112.2510271548726,110.02823453794444,111.13963084640852,111.13963084640852,1000000
2024-12-03 20:24:16.346499,109.8073052994745,110.90537835246926,108.70923224647976,109.8073052994745,109.8073052994745,1000000
2024-12-04 20:24:16.346499,105.1429199750038,106.19434917475384,104.09149077525377,105.1429199750038,105.1429199750038,1000000
2024-12-05 20:24:16.346499,104.03733161158307,105.0777049276989,102.99695829546724,104.03733161158307,104.03733161158307,1000000
2024-12-06 20:24:16.346499,102.45776888263816,103.48234657146455,101.43319119381178,102.45776888263816,102.45776888263816,1000000
2024-12-09 20:24:16.346499,102.76594911896146,103.79360861015107,101.73828962777185,102.76594911896146,102.76594911896146,1000000
2024-12-10 20:24:16.346499,103.46836666331778,104.50305032995097,102.4336829966846,103.46836666331778,103.46836666331778,1000000
2024-12-11 20:24:16.346499,107.35085330961806,108.42436184271425,106.27734477652187,107.35085330961806,107.35085330961806,1000000
2024-12-12 20:24:16.346499,109.39142951031957,110.48534380542276,108.29751521521638,109.39142951031957,109.39142951031957,1000000
2024-12-13 20:24:16.346499,108.12926319866678,109.21055583065345,107.0479705666801,108.12926319866678,108.12926319866678,1000000
2024-12-16 20:24:16.346499,106.18636486947138,107.24822851816609,105.12450122077666,106.18636486947138,106.18636486947138,1000000
2024-12-17 20:24:16.346499,107.23106704210893,108.30337771253002,106.15875637168784,107.23106704210893,107.23106704210893,1000000
2024-12-18 20:24:16.346499,104.39966673144394,105.44366339875839,103.3556700641295,104.39966673144394,104.39966673144394,1000000
2024-12-19 20:24:16.346499,108.22374042719547,109.30597783146742,107.14150302292352,108.22374042719547,108.22374042719547,1000000
2024-12-20 20:24:16.346499,110.77660885668269,111.88437494524952,109.66884276811585,110.77660885668269,110.77660885668269,1000000
2024-12-23 20:24:16.346499,109.73713510271705,110.83450645374423,108.63976375168987,109.73713510271705,109.73713510271705,1000000
2024-12-24 20:24:16.346499,105.97724559735755,107.03701805333112,104.91747314138398,105.97724559735755,105.97724559735755,1000000
2024-12-25 20:24:16.346499,108.84683889944566,109.93530728844011,107.7583705104512,108.84683889944566,108.84683889944566,1000000
2024-12-26 20:24:16.346499,108.59749289777007,109.68346782674777,107.51151796879236,108.59749289777007,108.59749289777007,1000000
2024-12-27 20:24:16.346499,111.28596786073571,112.39882753934307,110.17310818212835,111.28596786073571,111.28596786073571,1000000
2024-12-30 20:24:16.346499,107.73721935687855,108.81459155044735,106.65984716330976,107.73721935687855,107.73721935687855,1000000
2024-12-31 20:24:16.346499,106.44571939037846,107.51017658428225,105.38126219647467,106.44571939037846,106.44571939037846,1000000
2025-01-01 20:24:16.346499,106.45688277815384,107.52145160593538,105.3923139503723,106.45688277815384,106.45688277815384,1000000
2025-01-02 20:24:16.346499,106.55691092941908,107.62248003871326,105.49134182012489,106.55691092941908,106.55691092941908,1000000
2025-01-03 20:24:16.346499,105.59775920228266,106.65373679430549,104.54178161025983,105.59775920228266,105.59775920228266,1000000
2025-01-06 20:24:16.346499,106.91319034578645,107.9823222492443,105.84405844232859,106.91319034578645,106.91319034578645,1000000
2025-01-07 20:24:16.346499,104.63033622211381,105.67663958433495,103.58403285989267,104.63033622211381,104.63033622211381,1000000
2025-01-08 20:24:16.346499,104.33239195433562,105.37571587387897,103.28906803479227,104.33239195433562,104.33239195433562,1000000
2025-01-09 20:24:16.346499,104.58340657429882,105.62924064004181,103.53757250855583,104.58340657429882,104.58340657429882,1000000
2025-01-10 20:24:16.346499,105.6594418890983,106.71603630798928,104.60284747020732,105.6594418890983,105.6594418890983,1000000
2025-01-13 20:24:16.346499,107.16321850627531,108.23485069133807,106.09158632121256,107.16321850627531,107.16321850627531,1000000
2025-01-14 20:24:16.346499,104.7528131816958,105.80034131351276,103.70528504987884,104.7528131816958,104.7528131816958,1000000
2025-01-15 20:24:16.346499,101.53875767916658,102.55414525595825,100.52337010237491,101.53875767916658,101.53875767916658,1000000
2025-01-16 20:24:16.346499,104.13343202338739,105.17476634362126,103.09209770315351,104.13343202338739,104.13343202338739,1000000
2025-01-17 20:24:16.346499,104.82553199492531,105.87378731487456,103.77727667497606,104.82553199492531,104.82553199492531,1000000
2025-01-20 20:24:16.346499,103.25632200721371,104.28888522728585,102.22375878714158,103.25632200721371,103.25632200721371,1000000
2025-01-21 20:24:16.346499,106.4596469645473,107.52424343419278,105.39505049490182,106.4596469645473,106.4596469645473,1000000
2025-01-22 20:24:16.346499,106.70594057913873,107.77299998493011,105.63888117334734,106.70594057913873,106.70594057913873,1000000
2025-01-23 20:24:16.346499,109.22270088409591,110.31492789293688,108.13047387525495,109.22270088409591,109.22270088409591,1000000
2025-01-24 20:24:16.346499,109.37019190208001,110.46389382110081,108.27648998305921,109.37019190208001,109.37019190208001,1000000
2025-01-27 20:24:16.346499,113.87787982220314,115.01665862042518,112.7391010239811,113.87787982220314,113.87787982220314,1000000
2025-01-28 20:24:16.346499,117.87576969225819,119.05452738918078,116.6970119953356,117.87576969225819,117.87576969225819,1000000
2025-01-29 20:24:16.346499,117.28883287970322,118.46172120850025,116.11594455090619,117.28883287970322,117.28883287970322,1000000
2025-01-30 20:24:16.346499,119.56792133764843,120.76360055102491,118.37224212427195,119.56792133764843,119.56792133764843,1000000
2025-01-31 20:24:16.346499,121.11124655311257,122.3223590186437,119.90013408758143,121.11124655311257,121.11124655311257,1000000
2025-02-03 20:24:16.346499,124.42638003320599,125.67064383353805,123.18211623287392,124.42638003320599,124.42638003320599,1000000
2025-02-04 20:24:16.346499,122.02514136902407,123.2453927827143,120.80488995533383,122.02514136902407,122.02514136902407,1000000
2025-02-05 20:24:16.346499,123.69945189687877,124.93644641584756,122.46245737790998,123.69945189687877,123.69945189687877,1000000
2025-02-06 20:24:16.346499,126.31798247482935,127.58116229957764,125.05480265008106,126.31798247482935,126.31798247482935,1000000
2025-02-07 20:24:16.346499,121.87477400235363,123.09352174237716,120.6560262623301,121.87477400235363,121.87477400235363,1000000
2025-02-10 20:24:16.346499,118.99058672600358,120.18049259326362,117.80068085874355,118.99058672600358,118.99058672600358,1000000
2025-02-11 20:24:16.346499,114.13759805995917,115.27897404055877,112.99622207935958,114.13759805995917,114.13759805995917,1000000
2025-02-12 20:24:16.346499,113.5226090802704,114.6578351710731,112.3873829894677,113.5226090802704,113.5226090802704,1000000
2025-02-13 20:24:16.346499,115.15175446033642,116.30327200493979,114.00023691573305,115.15175446033642,115.15175446033642,1000000
2025-02-14 20:24:16.346499,118.61173546783075,119.79785282250906,117.42561811315245,118.61173546783075,118.61173546783075,1000000
2025-02-17 20:24:16.346499,118.78750567772471,119.97538073450195,117.59963062094747,118.78750567772471,118.78750567772471,1000000
2025-02-18 20:24:16.346499,122.6566892450523,123.88325613750283,121.43012235260178,122.6566892450523,122.6566892450523,1000000
2025-02-19 20:24:16.346499,119.27111573131415,120.4638268886273,118.07840457400101,119.27111573131415,119.27111573131415,1000000
2025-02-20 20:24:16.346499,115.20782925013381,116.35990754263516,114.05575095763247,115.20782925013381,115.20782925013381,1000000
2025-02-21 20:24:16.346499,115.07983865393942,116.23063704047881,113.92904026740003,115.07983865393942,115.07983865393942,1000000
2025-02-24 20:24:16.346499,115.96380245186919,117.12344047638788,114.80416442735049,115.96380245186919,115.96380245186919,1000000
2025-02-25 20:24:16.346499,115.88797430568525,117.0468540487421,114.72909456262839,115.88797430568525,115.88797430568525,1000000
2025-02-26 20:24:16.346499,111.09614076632698,112.20710217399025,109.98517935866371,111.09614076632698,111.09614076632698,1000000
2025-02-27 20:24:16.346499,110.89812291723071,112.00710414640302,109.7891416880584,110.89812291723071,110.89812291723071,1000000
2025-02-28 20:24:16.346499,108.0048585370554,109.08490712242595,106.92480995168485,108.0048585370554,108.0048585370554,1000000
2025-03-03 20:24:16.346499,109.45141631510614,110.5459304782572,108.35690215195508,109.45141631510614,109.45141631510614,1000000
2025-03-04 20:24:16.346499,110.25391026018482,111.35644936278668,109.15137115758297,110.25391026018482,110.25391026018482,1000000
2025-03-05 20:24:16.346499,108.18140182784286,109.2632158461213,107.09958780956443,108.18140182784286,108.18140182784286,1000000
2025-03-06 20:24:16.346499,107.06958495843415,108.14028080801849,105.99888910884981,107.06958495843415,107.06958495843415,1000000
2025-03-07 20:24:16.346499,104.80139391501392,105.84940785416406,103.75337997586378,104.80139391501392,104.80139391501392,1000000
2025-03-10 20:24:16.346499,104.67001677974265,105.71671694754008,103.62331661194523,104.67001677974265,104.67001677974265,1000000
2025-03-11 20:24:16.346499,106.66951203402078,107.736207154361,105.60281691368057,106.66951203402078,106.66951203402078,1000000
2025-03-12 20:24:16.346499,104.56657370678404,105.61223944385188,103.5209079697162,104.56657370678404,104.56657370678404,1000000
2025-03-13 20:24:16.346499,105.62070204911493,106.67690906960607,104.56449502862378,105.62070204911493,105.62070204911493,1000000
2025-03-14 20:24:16.346499,104.50057841072714,105.54558419483442,103.45557262661987,104.50057841072714,104.50057841072714,1000000
2025-03-17 20:24:16.346499,102.84346501917582,103.87189966936758,101.81503036898407,102.84346501917582,102.84346501917582,1000000
2025-03-18 20:24:16.346499,102.6233175575763,103.64955073315207,101.59708438200053,102.6233175575763,102.6233175575763,1000000
2025-03-19 20:24:16.346499,100.49851752552259,101.50350270077782,99.49353235026736,100.49851752552259,100.49851752552259,1000000
2025-03-20 20:24:16.346499,99.38569883719404,100.37955582556599,98.3918418488221,99.38569883719404,99.38569883719404,1000000
2025-03-21 20:24:16.346499,97.00466020766268,97.9747068097393,96.03461360558606,97.00466020766268,97.00466020766268,1000000
2025-03-24 20:24:16.346499,100.81641008606286,101.82457418692348,99.80824598520223,100.81641008606286,100.81641008606286,1000000
2025-03-25 20:24:16.346499,100.88751298039632,101.89638811020029,99.87863785059236,100.88751298039632,100.88751298039632,1000000
2025-03-26 20:24:16.346499,99.47564165498999,100.47039807153989,98.48088523844008,99.47564165498999,99.47564165498999,1000000
2025-03-27 20:24:16.346499,99.90135743342127,100.90037100775548,98.90234385908705,99.90135743342127,99.90135743342127,1000000
2025-03-28 20:24:16.346499,99.67692294058202,100.67369216998785,98.68015371117619,99.67692294058202,99.67692294058202,1000000
2025-03-31 20:24:16.346499,99.23641154568433,100.22877566114117,98.2440474302275,99.23641154568433,99.23641154568433,1000000
2025-04-01 20:24:16.346499,100.45536553374762,101.4599191890851,99.45081187841015,100.45536553374762,100.45536553374762,1000000
2025-04-02 20:24:16.346499,101.9772798118963,102.99705261001526,100.95750701377733,101.9772798118963,101.9772798118963,1000000
2025-04-03 20:24:16.346499,100.89529853248807,101.90425151781295,99.88634554716319,100.89529853248807,100.89529853248807,1000000
2025-04-04 20:24:16.346499,99.73335146668212,100.73068498134894,98.7360179520153,99.73335146668212,99.73335146668212,1000000
2025-04-07 20:24:16.346499,99.18471491501147,100.17656206416159,98.19286776586135,99.18471491501147,99.18471491501147,1000000
2025-04-08 20:24:16.346499,94.61840702538886,95.56459109564275,93.67222295513497,94.61840702538886,94.61840702538886,1000000
2025-04-09 20:24:16.346499,91.75110773250219,92.66861880982721,90.83359665517717,91.75110773250219,91.75110773250219,1000000
2025-04-10 20:24:16.346499,94.25935229588396,95.2019458188428,93.31675877292511,94.25935229588396,94.25935229588396,1000000
2025-04-11 20:24:16.346499,97.36042412032941,98.3340283615327,96.38681987912612,97.36042412032941,97.36042412032941,1000000
2025-04-14 20:24:16.346499,96.87549903168029,97.8442540219971,95.90674404136348,96.87549903168029,96.87549903168029,1000000
2025-04-15 20:24:16.346499,97.99258390200464,98.97250974102468,97.0126580629846,97.99258390200464,97.99258390200464,1000000
2025-04-16 20:24:16.346499,98.60258803967703,99.5886139200738,97.61656215928026,98.60258803967703,98.60258803967703,1000000
2025-04-17 20:24:16.346499,104.67430035926463,105.72104336285729,103.62755735567198,104.67430035926463,104.67430035926463,1000000
2025-04-18 20:24:16.346499,107.01811477034863,108.08829591805213,105.94793362264514,107.01811477034863,107.01811477034863,1000000
2025-04-21 20:24:16.346499,106.74432478062393,107.81176802843017,105.67688153281769,106.74432478062393,106.74432478062393,1000000
2025-04-22 20:24:16.346499,104.70435439797447,105.75139794195421,103.65731085399473,104.70435439797447,104.70435439797447,1000000
2025-04-23 20:24:16.346499,101.34031590122305,102.35371906023528,100.32691274221082,101.34031590122305,101.34031590122305,1000000
2025-04-24 20:24:16.346499,101.75269728388696,102.77022425672583,100.7351703110481,101.75269728388696,101.75269728388696,1000000
2025-04-25 20:24:16.346499,100.21348271537984,101.21561754253364,99.21134788822604,100.21348271537984,100.21348271537984,1000000
2025-04-28 20:24:16.346499,97.36290276450681,98.33653179215189,96.38927373686174,97.36290276450681,97.36290276450681,1000000
2025-04-29 20:24:16.346499,96.10385850733338,97.06489709240672,95.14281992226005,96.10385850733338,96.10385850733338,1000000
2025-04-30 20:24:16.346499,94.02503978116845,94.96529017898013,93.08478938335676,94.02503978116845,94.02503978116845,1000000
2025-05-01 20:24:16.346499,97.19771096825171,98.16968807793423,96.2257338585692,97.19771096825171,97.19771096825171,1000000
2025-05-02 20:24:16.346499,98.91157829373356,99.90069407667089,97.92246251079622,98.91157829373356,98.91157829373356,1000000
2025-05-05 20:24:16.346499,98.89580656301763,99.8847646286478,97.90684849738746,98.89580656301763,98.89580656301763,1000000
2025-05-06 20:24:16.346499,101.82301194869241,102.84124206817934,100.80478182920548,101.82301194869241,101.82301194869241,1000000
2025-05-07 20:24:16.346499,101.98056943097349,103.00037512528323,100.96076373666375,101.98056943097349,101.98056943097349,1000000
2025-05-08 20:24:16.346499,100.22388436510633,101.2261232087574,99.22164552145526,100.22388436510633,100.22388436510633,1000000
2025-05-09 20:24:16.346499,103.27695259298599,104.30972211891586,102.24418306705613,103.27695259298599,103.27695259298599,1000000
2025-05-12 20:24:16.346499,104.39009233365609,105.43399325699265,103.34619141031952,104.39009233365609,104.39009233365609,1000000
2025-05-13 20:24:16.346499,102.22452789719873,103.24677317617072,101.20228261822673,102.22452789719873,102.22452789719873,1000000
2025-05-14 20:24:16.346499,101.83538226704525,102.8537360897157,100.8170284443748,101.83538226704525,101.83538226704525,1000000
2025-05-15 20:24:16.346499,100.05200387597647,101.05252391473623,99.05148383721671,100.05200387597647,100.05200387597647,1000000
